unified_root,unified_trans,stemhandle,note,source,stemform,abbreviation,grammar_note,brackets,positional,compounds,wordform,trans,trans_note,usage_note,verb_class,see,dv
-ch’ozh,ABCESS,ABCESS ,[],[YM-115],['-ch’ozh'],I neut.,,,,,,,,,,,
-dįh//-dįį-,ABSENT/POSTP,ABSENT/POSTP ,[],[YM-140],['-dįįd/g'],P. mom.,,,,,,,,,,,
-dįh//-dįį-,ABSENT/POSTP,ABSENT/POSTP ,[],[YM-140],['-dįįd/g'],P. mom.,,,,0,ádaasdįįd ,s/he is gone,[''],[''],[''],, ádaasdįįg
-dįh//-dįį-,ABSENT/POSTP,ABSENT/POSTP ,[],[YM-140],['-dįįd/g'],P. mom.,,,,0,ádaasdįįg ,s/he is gone,[''],[''],[''],, ádaasdįįd
-dįh//-dįį-,ABSENT/POSTP,ABSENT/POSTP ,[],[YM-140],['-dįįd/g'],P. mom.,,,,0,ádadįh ,they are missing,[''],[''],[''],, édadįh
-dįh//-dįį-,ABSENT/POSTP,ABSENT/POSTP ,[],[YM-140],['-dįįd/g'],P. mom.,,,,0,ádagodįh ,they have none,[''],[''],[''], ei doo hát’į̄į̄ bíyēē da,
-dįh//-dįį-,ABSENT/POSTP,ABSENT/POSTP ,[],[YM-140],['-dįįd/g'],P. mom.,,,,0,ádįh ,s/he is dead/missing,[''],[''],[''], dá’ádįh,
-dįh//-dįį-,ABSENT/POSTP,ABSENT/POSTP ,[],[YM-140],['-dįįd/g'],P. mom.,,,,0,ánádasdįįd ,they keep disappearing/,[''],[''],[''],, ánádasdįįg
-dįh//-dįį-,ABSENT/POSTP,ABSENT/POSTP ,[],[YM-140],['-dįįd/g'],P. mom.,,,,0,ánádasdįįg ,they keep disappearing/have disappeared,[''],[''],[''],, ánádasdįįd
-dįh//-dįį-,ABSENT/POSTP,ABSENT/POSTP ,[],[YM-140],['-dįįd/g'],P. mom.,,,,0,ánádįh ,it is disappearing,[''],[''],[''],, ínádįh
-dįh//-dįį-,ABSENT/POSTP,ABSENT/POSTP ,[],[YM-140],['-dįįd/g'],P. mom.,,,,0,ásdįįd ,s/he/it disappeared,[''],[''],[''],, ásdįįg
-dįh//-dįį-,ABSENT/POSTP,ABSENT/POSTP ,[],[YM-140],['-dįįd/g'],P. mom.,,,,0,ásdįįg ,s/he/it disappeared,[''],[''],[''],, ásdįįd
-dįh//-dįį-,ABSENT/POSTP,ABSENT/POSTP ,[],[YM-140],['-dįįd/g'],P. mom.,,,,0,ágodįh ,it (3s) is absent,[''],['(3s)'],[''],, ígodįh
-dįh//-dįį-,ABSENT/POSTP,ABSENT/POSTP ,[],[YM-140],['-dįįd/g'],P. mom.,,,,0,dá’ádįh ,s/he is missing/not any/it is not there,[''],[''],[''],, ádįh
-dįh//-dįį-,ABSENT/POSTP,ABSENT/POSTP ,[],[YM-140],['-dįįd/g'],P. mom.,,,,0,dá’ádįh ,there are none,[''],[''],[''], dohwaa da,
-dįh//-dįį-,ABSENT/POSTP,ABSENT/POSTP ,[],[YM-140],['-dįįd/g'],P. mom.,,,,0,dá’ádįh ,there are none,[''],[''],[''], dohwaa da doo hat’īī da,
-dįh//-dįį-,ABSENT/POSTP,ABSENT/POSTP ,[],[YM-140],['-dįįd/g'],P. mom.,,,,0,dá’ádįh ,there are none,[''],[''],[''], dohwaa da doo hat’īī da doo nt’é da,
-dįh//-dįį-,ABSENT/POSTP,ABSENT/POSTP ,[],[YM-140],['-dįįd/g'],P. mom.,,,,0,édadįh ,they are missing,[''],[''],[''],, ádadįh
-dįh//-dįį-,ABSENT/POSTP,ABSENT/POSTP ,[],[YM-140],['-dįįd/g'],P. mom.,,,,0,édįh ,it is dead/,[''],[''],[''],, ádįh
-dįh//-dįį-,ABSENT/POSTP,ABSENT/POSTP ,[],[YM-140],['-dįįd/g'],P. mom.,,,,0,doo édįįh ,it does not disappear/,[''],[''],[''], doo ngonel’ą̄ą̄ da,
-dįh//-dįį-,ABSENT/POSTP,ABSENT/POSTP ,[],[YM-140],['-dįįd/g'],P. mom.,,,,0,ínádįh ,it is disappearing,[''],[''],[''],, ánádįh
-dįh//-dįį-,ABSENT/POSTP,ABSENT/POSTP ,[],[YM-140],['-dįįd/g'],P. mom.,,,,0,ínasdįįd ,it disappeared/gone,[''],[''],[''],, ínasdįįg
-dįh//-dįį-,ABSENT/POSTP,ABSENT/POSTP ,[],[YM-140],['-dįįd/g'],P. mom.,,,,0,ínasdįįg ,it disappeared/gone,[''],[''],[''],, ínasdįįd
-dįh//-dįį-,ABSENT/POSTP,ABSENT/POSTP ,[],[YM-140],['-dįįd/g'],P. mom.,,,,0,náda’isdįįd ,they were filled up/had all ,[''],[''],[''],, náda’isdįįg
-dįh//-dįį-,ABSENT/POSTP,ABSENT/POSTP ,[],[YM-140],['-dįįd/g'],P. mom.,,,,0,náda’isdįįg ,they were filled/had all ,[''],[''],[''],, náda’isdįįd
-dįh//-dįį-,ABSENT/POSTP,ABSENT/POSTP ,[],[YM-140],['-dįįd/g'],P. mom.,,,,0,ná’ásdįįd ,s/he is full -- from eating,[''],[''],[''],, ná’ísdįįg
-dįh//-dįį-,ABSENT/POSTP,ABSENT/POSTP ,[],[YM-140],['-dįįd/g'],P. mom.,,,,0,ná’isdįįd ,s/he is full -- from eating,[''],[''],[''],, ná’isdįįg
-dįh//-dįį-,ABSENT/POSTP,ABSENT/POSTP ,[],[YM-140],['-dįįd/g'],P. mom.,,,,0,ná’isdįįg ,s/he is full -- from eating,[''],[''],[''],, ná’isdįįd
-tis,AHEAD/POSTP,AHEAD/POSTP ,[],[YM-509],['-tis'],I neut. ,,,,,,,,,,,
-tah,AMONG/POSTP,AMONG/POSTP ,[],[YM-469],['-tah'],I neut.,,,,,,,,,,,
-tł’ah,ANGLE,ANGLE ,[],[YM-574],['-tł’ah'],"I neut.; P, I, R, O, F dur.",,,,,,,,,,,
-kid/g,ASK,ASK ,[],[YM-316],['-kid'],"P, I, O rep.",,,,,,,,,,,
-kid/g,ASK,ASK ,[],[YM-316],['-kid'],"P, I, O rep.",,,,0,dahółkeed ,you (2dp) request/ask for,[''],['(2dp)'],[''],, dahółkeeg
-kid/g,ASK,ASK ,[],[YM-316],['-kid'],"P, I, O rep.",,,,0,dahółkeeg ,you (2dp) request/ask for,[''],['(2dp)'],[''],, dahółkeed
-kid/g,ASK,ASK ,[],[YM-316],['-kid'],"P, I, O rep.",,,,0,dahónkeed ,we ask for it,[''],[''],[''],, dahónkeeg
-kid/g,ASK,ASK ,[],[YM-316],['-kid'],"P, I, O rep.",,,,0,dahónkeeg ,we ask for it,[''],[''],[''],, dahónkeed
-kid/g,ASK,ASK ,[],[YM-316],['-kid'],"P, I, O rep.",,,,0,da’dóhkeed ,we asked for it  [rck],['[rck]'],[''],[''],, da’dóhkeeg
-kid/g,ASK,ASK ,[],[YM-316],['-kid'],"P, I, O rep.",,,,0,da’dóhkeeg ,we asked for it  [rck],['[rck]'],[''],[''],, da’dóhkeed
-kid/g,ASK,ASK ,[],[YM-316],['-kid'],"P, I, O rep.",,,,0,da’dółkeed ,you (2dp) ask (for something),[''],['(2dp) ask (for something)'],[''],, da’dółkeeg
-kid/g,ASK,ASK ,[],[YM-316],['-kid'],"P, I, O rep.",,,,0,da’dółkeeg ,you (2dp) ask (for something),[''],['(2dp) ask (for something)'],[''],, da’dółkeed
-kid/g,ASK,ASK ,[],[YM-316],['-kid'],"P, I, O rep.",,,,0,dadołkeed ,you (2dp) ask for them,[''],['(2dp)'],[''],, dadołkeeg
-kid/g,ASK,ASK ,[],[YM-316],['-kid'],"P, I, O rep.",,,,0,dadołkeeg ,you (2dp) ask for them,[''],['(2dp)'],[''],, dadołkeed
-kid/g,ASK,ASK ,[],[YM-316],['-kid'],"P, I, O rep.",,,,0,nahódishkid ,I ask him/her,[''],[''],[''],, nahódishkig
-kid/g,ASK,ASK ,[],[YM-316],['-kid'],"P, I, O rep.",,,,0,nahódishkig ,I ask him/her,[''],[''],[''],, nahódishkid
-kid/g,ASK,ASK ,[],[YM-316],['-kid'],"P, I, O rep.",,,,0,nahónłkid ,you ask,[''],[''],[''],, nahónlkig
-kid/g,ASK,ASK ,[],[YM-316],['-kid'],"P, I, O rep.",,,,0,nahónłkig ,you ask,[''],[''],[''],, nahónłkid
-kid/g,ASK,ASK ,[],[YM-316],['-kid'],"P, I, O rep.",,,,0,yókeed ,s/he asks,[''],[''],[''],, yókeeg
-kid/g,ASK,ASK ,[],[YM-316],['-kid'],"P, I, O rep.",,,,0,yókeeg ,s/he asks,[''],[''],[''],, yókeed
-kid/g,ASK,ASK ,[],[YM-316],['-kid'],"P, I, O rep.",,,bitisyú dohołkeed you (2dp) request or ask for more,0,bitisyú dohołkeed ,you (2dp) request or ask for more,[''],['(2dp)'],[''],, bitisyú dohołkeeg
-kid/g,ASK,ASK ,[],[YM-316],['-kid'],"P, I, O rep.",,,,0,bitisyú dahołkeeg ,you (2dp) request or ask for more,[''],['(2dp)'],[''],, bitisyú dahołkeed
-kid/g,ASK,ASK ,[],[YM-316],['-kid'],"P, I, O rep.",,,,1,bíyókeed ,he asks for it,[''],[''],[''],, bíyókeeg
-kid/g,ASK,ASK ,[],[YM-316],['-kid'],"P, I, O rep.",,,,1,bíyókeeg ,s/he asks for it,[''],[''],[''],, bíyókeed
-kid/g,ASK,ASK ,[],[YM-316],['-kid'],"P, I, O rep.",,,,0,ídókeed ,s/he begs,[''],[''],[''],, ídókeeg
-kid/g,ASK,ASK ,[],[YM-316],['-kid'],"P, I, O rep.",,,,0,ídókeed ,s/he begs,[''],[''],[''], yídókeed, ídókeeg
-kid/g,ASK,ASK ,[],[YM-316],['-kid'],"P, I, O rep.",,,,0,ídókeeg ,s/he begs,[''],[''],[''],, ídókeed
-kid/g,ASK,ASK ,[],[YM-316],['-kid'],"P, I, O rep.",,,,0,nabí’dikid ,s/he is questioned,[''],[''],[''],, nabí’dikig
-kid/g,ASK,ASK ,[],[YM-316],['-kid'],"P, I, O rep.",,,,0,nabí’dikig ,s/he is questioned,[''],[''],[''],, nabí’dikid
-kid/g,ASK,ASK ,[],[YM-316],['-kid'],"P, I, O rep.",,,,0,nabídadiłkid ,they asked him/her,[''],[''],[''],, nabídadiłkig
-kid/g,ASK,ASK ,[],[YM-316],['-kid'],"P, I, O rep.",,,,0,nabídadiłkig ,they asked him/her,[''],[''],[''],, nabídadiłkid
-kid/g,ASK,ASK ,[],[YM-316],['-kid'],"P, I, O rep.",,,,0,nabídiłkid ,s/he is asking him/her,[''],[''],[''],, nabídiłkig
-kid/g,ASK,ASK ,[],[YM-316],['-kid'],"P, I, O rep.",,,,0,nabídiłkig ,s/he is asking him/her,[''],[''],[''],, nabídiłkid
-kid/g,ASK,ASK ,[],[YM-316],['-kid'],"P, I, O rep.",,,,0,na’ídiłkid ,s/he questions/asks,[''],[''],[''],, na’ídiłkig
-kid/g,ASK,ASK ,[],[YM-316],['-kid'],"P, I, O rep.",,,,0,na’ídiłkig ,s/he questions/asks,[''],[''],[''],, na’ídiłkid
-kid/g,ASK,ASK ,[],[YM-316],['-kid'],"P, I, O rep.",,,,0,nayídadiłkid ,they asked him/her,[''],[''],[''],, nayídadiłkig
-kid/g,ASK,ASK ,[],[YM-316],['-kid'],"P, I, O rep.",,,,0,nayídadiłkig ,they asked him/her,[''],[''],[''],, nayídadiłkid
-kid/g,ASK,ASK ,[],[YM-316],['-kid'],"P, I, O rep.",,,,0,nayídiłkid ,s/he asked them (questions),[''],['(questions)'],[''],, nayídiłkig
-kid/g,ASK,ASK ,[],[YM-316],['-kid'],"P, I, O rep.",,,,0,nayídiłkig ,s/he asked them (questions),[''],['(questions)'],[''],, nayídiłkid
-kid/g,ASK,ASK ,[],[YM-316],['-kid'],"P, I, O rep.",,,,0,yídókeed ,s/he begs/asks for it,[''],[''],[''],, yídókeeg
-kid/g,ASK,ASK ,[],[YM-316],['-kid'],"P, I, O rep.",,,,0,yídókeed ,s/he begs/asks for it,[''],[''],[''], ídókeed, yídókeeg
-kid/g,ASK,ASK ,[],[YM-316],['-kid'],"P, I, O rep.",,,,0,yídókeeg ,s/he begs/asks for it,[''],[''],[''],, yídókeed
-kid/g,ASK,ASK ,[],[YM-316],['-kid'],"P, I, O rep.",,,,0,yíná’dókeed ,they ask it of him/her [rck],['[rck]'],[''],[''],, yíná’dókeeg
-kid/g,ASK,ASK ,[],[YM-316],['-kid'],"P, I, O rep.",,,,0,yíná’dókeeg ,they ask it of him/her,[''],[''],[''],, yíná’dókeed
-kid/g,ASK,ASK ,[],[YM-316],['-kid'],"P, I, O rep.",,,,0,yíyókeed ,s/he asks him/her give me some,[''],[''],[''],, yíyókeeg
-kid/g,ASK,ASK ,[],[YM-316],['-kid'],"P, I, O rep.",,,,0,yíyókeeg ,s/he asks him/her give me some,[''],[''],[''],, yíyókeed
-jid/g,GO:TRAP/HUNT,BACKPACK ,[],[YM-270],['-jid/g'],"P. mom.; P, I, O cont.",,,,,,,,,,,
-chǫ’//-chǫǫ-,BAD,BAD ,[],[YM-96],['-chood/g'],P. mom.,,,,,,,,,,,
-chǫ’//-chǫǫ-,BAD,BAD ,[],[YM-96],['-chood/g'],P. mom.,,,,0,dénchǫ’i ,it is void/not valid,[''],[''],[''], dohwaa na’idlį̄į̄ da,
-chǫ’//-chǫǫ-,BAD,BAD ,[],[YM-96],['-chood/g'],P. mom.,,,,0,yíłchǫǫd ,s/he ruined it,[''],[''],[''],, yíłchǫǫg
-chǫ’//-chǫǫ-,BAD,BAD ,[],[YM-96],['-chood/g'],P. mom.,,,,0,yíłchǫǫg ,s/he ruined it,[''],[''],[''],, yíłchǫǫd
-chǫ’//-chǫǫ-,BAD,BAD ,[],[YM-96],['-chood/g'],P. mom.,,,bił nchǫ’ s/he hates him/her/despises him/her,0,bił nchǫ’ ,s/he hates him/her/despises him/her,[''],[''],[''], bik’enḏiih,
-chǫ’//-chǫǫ-,BAD,BAD ,[],[YM-96],['-chood/g'],P. mom.,,,bił nchǫ’ s/he hates him/her/despises him/her,0,bił nchǫ’ ,s/he hates him/her/despises him/her,[''],[''],[''], bik’enḏiih bik’enṉiih,
-chįh//-chį́į́,BAD,BAD SMELL,[],[YM-81],['-chāā('],P. conc.,,,,,,,,,,,
-chįh//-chį́į́,BAD,BAD SMELL,[],[YM-81],['-chāā('],P. conc.,,,,0,déyāāgolchįh ,body odor/ there is a strong smell) [rck],['[rck]'],[''],[''], ch’íłchǫh,
-chįh//-chį́į́,BAD,BAD SMELL,[],[YM-81],['-chāā('],P. conc.,,,,0,golchį́h ,there is an odor,[''],[''],[''], yishchą̄ą̄’,
-chįh//-chį́į́,BAD,BAD SMELL,[],[YM-81],['-chāā('],P. conc.,,,,0,yishchą̄ą̄’ ,s/he smelled it,[''],[''],[''], gołchįh,
-léé//-lee-,BE,BE ,[],"[YM-379, 378]",['-līī('],P. mom.; I neut.,,,,,,,,,,,
-léé//-lee-,BE,BE ,[],"[YM-379, 378]",['-līī('],P. mom.; I neut.,,,,0,dá’ázlį̄į̄ ,it is worthless,[''],[''],[''],, dá’izlį̄į̄
-léé//-lee-,BE,BE ,[],"[YM-379, 378]",['-līī('],P. mom.; I neut.,,,,0,dá’izlį̄į̄ ,it is worthless,[''],[''],[''],, dá’ázlį̄į̄
-léé//-lee-,BE,BE ,[],"[YM-379, 378]",['-līī('],P. mom.; I neut.,,,,0,daa’ílį̄į̄ ,they cost/are expensive,[''],[''],[''], łą̄ą̄go ílį̄į̄’\,
-t’éé,BE,BE THUS,[],[YM-537],['-t’ēē'],I neut.,,,,,,,,,,,
-t’éé,BE,BE THUS,[],[YM-537],['-t’ēē'],I neut.,,,,0,ádanoht’ēē ,you (2dp) are,[''],['(2dp)'],[''],, ádanołt’ēē
-t’éé,BE,BE THUS,[],[YM-537],['-t’ēē'],I neut.,,,,0,ádanołt’ēē ,you (2dp) are,[''],['(2dp)'],[''],, ádanoht’ēē
-t’éé,BE,BE THUS,[],[YM-537],['-t’ēē'],I neut.,,,,0,ágádat’ēē ,it is thus/s/he is like that/,[''],[''],[''], gát’ēē,
-t’éé,BE,BE THUS,[],[YM-537],['-t’ēē'],I neut.,,,,0,ágánilt’ēē ,many,[''],[''],[''], łą̄ą̄go,
-t’éé,BE,BE THUS,[],[YM-537],['-t’ēē'],I neut.,,,,0,ágát’ēē ,it is thus/he is like that,[''],[''],[''],, gát’ēē
-t’éé,BE,BE THUS,[],[YM-537],['-t’ēē'],I neut.,,,,0,ágát’ēē ,it is thus/he is like that,[''],[''],[''],, gát’ēē kát’ēē
-t’éé,BE,BE THUS,[],[YM-537],['-t’ēē'],I neut.,,,,0,ághát’ēē ,s/he/it is like that,[''],[''],[''], gát’ēē,
-t’éé,BE,BE THUS,[],[YM-537],['-t’ēē'],I neut.,,,,0,ághát’ēē ,s/he/it is like that,[''],[''],[''], gát’ēē kát’ēē,
-t’éé,BE,BE THUS,[],[YM-537],['-t’ēē'],I neut.,,,,0,díyágot’ēē ,it is a crowd,[''],[''],[''], ch’ilą̄ą̄,
-t’éé,BE,BE THUS,[],[YM-537],['-t’ēē'],I neut.,,,,0,díyágot’ēē ,it is a crowd,[''],[''],[''], ch’ilą̄ą̄ nílą̄ą̄,
-t’éé,BE,BE THUS,[],[YM-537],['-t’ēē'],I neut.,,,,0,gá’ádanołt’ēē ,you (2dp) are like that,[''],['(2dp)'],[''],, gádanołt’ēē
-t’éé,BE,BE THUS,[],[YM-537],['-t’ēē'],I neut.,,,,0,gádanołt’ēē ,you (2dp) are like that,[''],['(2dp)'],[''],, gá’ádanołt’ēē
-t’éé,BE,BE THUS,[],[YM-537],['-t’ēē'],I neut.,,,,0,gát’ēē ,it is thus/s/he is like that/,[''],[''],[''],, kát’ēē
-t’éé,BE,BE THUS,[],[YM-537],['-t’ēē'],I neut.,,,,0,gát’ēē ,it is thus/s/he is like that/,[''],[''],[''],, kát’ēē ágát’ēē
-t’éé,BE,BE THUS,[],[YM-537],['-t’ēē'],I neut.,,,,0,gát’ēē ,it is thus/s/he is like that/,[''],[''],[''], ágádaat’ēē, kát’ēē ágát’ēē
-t’éé,BE,BE THUS,[],[YM-537],['-t’ēē'],I neut.,,,,0,kát’ēē ,it is thus/s/he is like that/,[''],[''],[''],, ágát’ēē
-t’éé,BE,BE THUS,[],[YM-537],['-t’ēē'],I neut.,,,,0,kát’ēē ,it is thus/s/he is like that/,[''],[''],[''],, ágát’ēē gát’ēē
-t’éé,BE,BE THUS,[],[YM-537],['-t’ēē'],I neut.,,,,0,bich’ą́’zhį’ át’ēē ,s/he is against it,[''],[''],[''],, bits’ą́’zhį’ át’ēē
-t’éé,BE,BE THUS,[],[YM-537],['-t’ēē'],I neut.,,,,0,bidag ádanoht’ēē ,you (2dp) resist him/her/stand up to him/her,[''],['(2dp)'],[''],, bidag ádanołt’ēē
-t’éé,BE,BE THUS,[],[YM-537],['-t’ēē'],I neut.,,,,0,bidag ádanołt’ēē ,you (2dp) resist him/her/stand up to him/her,[''],['(2dp)'],[''],, bidag ádanoht’ēē
-t’éé,BE,BE THUS,[],[YM-537],['-t’ēē'],I neut.,,,,0,doo bił nt’ēē da ,unique/different/not like him/her,[''],[''],[''], bił’t’ēē,
-t’éé,BE,BE THUS,[],[YM-537],['-t’ēē'],I neut.,,,,0,bits’ą́’zhį’ át’ēē ,s/he is against it,[''],[''],[''],, bich’ą́’zhį’ át’ēē
-t’éé,BE,BE THUS,[],[YM-537],['-t’ēē'],I neut.,,,,0,ił ch’idinłt’ēē ,they (3a) are in agreement/in accord,[''],['(3a)'],[''],, ił ch’idint’ēē
-t’éé,BE,BE THUS,[],[YM-537],['-t’ēē'],I neut.,,,,0,ił ch’idint’ēē ,they (3a) are in agreement/in accord,[''],['(3a)'],[''],, ił ch’idinłt’ēē
-t’éé,BE,BE THUS,[],[YM-537],['-t’ēē'],I neut.,,,,0,itisyú át’ēē ,s/he is outstanding/brave/handsome/famous/reliable,[''],[''],[''], itisgo át’ēē,
-t’éé,BE,BE THUS,[],[YM-537],['-t’ēē'],I neut.,,,,0,yich’ą́’zhį’ ádat’ēē ,they oppose him/her/it,[''],[''],[''],, yits’ą́’zhį’ ádat’ēē
-t’éé,BE,BE THUS,[],[YM-537],['-t’ēē'],I neut.,,,,0,yits’ą́’zhį’ ádat’ēē ,they oppose him/her/it,[''],[''],[''],, yich’ą́’zhį’ ádat’ēē
-t’éé,BE,BE THUS,[],[YM-537],['-t’ēē'],I neut.,,,,0,nohwīīk’a’át’éhi nlį̄į̄’ ,s/he is like us/you (2dp),[''],['(2dp)'],[''], nēēk’a’át’éhi nlį̄į̄,
-zą́ą́(’),BEAT,BEAT SPOUSE,[],[YM738],['-zāā('],I dur.,,,,,,,,,,,
-zag/d,BELCH,BELCH ,[],[YM-731],['-zad/g'],P. mom.,,,,,,,,,,,
-lą́ą́//-ląą-,BELIEVE,BELIEVE ,[],[-d-],"['-d-]', '-ląąd/g']",-d-] ,,,,,,,,,,,
-lą́ą́//-ląą-,BELIEVE,BELIEVE ,[],[-d-],"['-d-]', '-ląąd/g']",-d-] ,,,,0,bosdląąd ,s/he believes him/her,[''],[''],[''],, bosdląąg
-lą́ą́//-ląą-,BELIEVE,BELIEVE ,[],[-d-],"['-d-]', '-ląąd/g']",-d-] ,,,,0,bosdląąg ,s/he believes him/her,[''],[''],[''],, bosdląąd
-lą́ą́//-ląą-,BELIEVE,BELIEVE ,[],[-d-],"['-d-]', '-ląąd/g']",-d-] ,,,,0,dahohdlą̄ą̄ ,you (2dp) believe it,[''],['(2dp)'],[''],, dahołdlą̄ą̄
-lą́ą́//-ląą-,BELIEVE,BELIEVE ,[],[-d-],"['-d-]', '-ląąd/g']",-d-] ,,,,0,dahołdlą̄ą̄ ,you (2dp) believe it,[''],['(2dp)'],[''],, dahohdlą̄ą̄
-lą́ą́//-ląą-,BELIEVE,BELIEVE ,[],[-d-],"['-d-]', '-ląąd/g']",-d-] ,,,,0,da’osdląąd ,they believed,[''],[''],[''],, da’osdląąg
-lą́ą́//-ląą-,BELIEVE,BELIEVE ,[],[-d-],"['-d-]', '-ląąd/g']",-d-] ,,,,0,da’osdląąg ,they believed,[''],[''],[''],, da’osdląąd
-lą́ą́//-ląą-,BELIEVE,BELIEVE ,[],[-d-],"['-d-]', '-ląąd/g']",-d-] ,,,,0,da’osidląąd ,we have believed,[''],[''],[''],, da’osidląąg
-lą́ą́//-ląą-,BELIEVE,BELIEVE ,[],[-d-],"['-d-]', '-ląąd/g']",-d-] ,,,,0,da’osidląąg ,we have believed,[''],[''],[''],, da’osidląąd
-lą́ą́//-ląą-,BELIEVE,BELIEVE ,[],[-d-],"['-d-]', '-ląąd/g']",-d-] ,,,,0,hosíndląąd ,you believe him/her,[''],[''],[''],, hosíndląąg
-lą́ą́//-ląą-,BELIEVE,BELIEVE ,[],[-d-],"['-d-]', '-ląąd/g']",-d-] ,,,,0,hosíndląąg ,you believe him/her,[''],[''],[''],, hosíndlaad
-lą́ą́//-ląą-,BELIEVE,BELIEVE ,[],[-d-],"['-d-]', '-ląąd/g']",-d-] ,,,,0,hosisdląąd ,I believe him/her,[''],[''],[''],, hosisdląąg
-lą́ą́//-ląą-,BELIEVE,BELIEVE ,[],[-d-],"['-d-]', '-ląąd/g']",-d-] ,,,,0,hosisdląąg ,I believe him/her,[''],[''],[''],, hosisdląąd
-lą́ą́//-ląą-,BELIEVE,BELIEVE ,[],[-d-],"['-d-]', '-ląąd/g']",-d-] ,,,,0,yosdląąd ,s/he believed him/her,[''],[''],[''],, yosdląąg
-lą́ą́//-ląą-,BELIEVE,BELIEVE ,[],[-d-],"['-d-]', '-ląąd/g']",-d-] ,,,,0,yosdląąg ,s/he believed him/her,[''],[''],[''],, yosdląąd
-tsą́ą́,BELLY,BELLY ,[],[YM-598],['-tsāā'],P. neut.,,,,,,,,,,,
-lįh,BE/RESEMBLE,BE/RESEMBLE ,[],[YM-373],['-lįh'],I neut.,,,,,,,,,,,
-chog/d//-chaa,BIG,BIG ,[],"[YM-595, 611]",['-chaa('],I neut.,,,,,,,,,,,
-tsaaz,BIG/THICK,BIG/THICK ,[],[YM-597],['-tsaaz'],I neut.,,,,,,,,,,,
-tsaaz,BIG/THICK,BIG/THICK ,[],[YM-597],['-tsaaz'],I neut.,,,,0,ntsaaz ,it is big around/big in circumference,[''],[''],[''],, ntsaazé
-tsaaz,BIG/THICK,BIG/THICK ,[],[YM-597],['-tsaaz'],I neut.,,,,0,ntsaazé ,it is big around/big in circumference,[''],[''],[''],, ntsaaz
-ghazh,BITE/CLENCH1,BITE ,[],[YM-227],['-ghazh'],P. mom.; I dur.,,,,,,,,,,,
-tsag/d,BITE/CLENCH2,BITE/CLENCH ,[],[YM-590],['-tsad/g'],P. mom.; I neut.,,,,,,,,,,,
-ch’il//-ch’iil,BLINK,BLINK ,[],[YM-107],['-ch’il'],"P. semel., trans.",,,,,,,,,,,
-ch’il//-ch’iil,BLINK,BLINK ,[],[YM-107],['-ch’il'],"P. semel., trans.",,,,0,bee ozol ,it (as a horse) is bloated,[''],['(as a horse)'],[''], bee olzol,
-béézh,BOIL,BOIL ,[],[YM-64],['-bēēzh'],I mom.: P. I. O conc.,,,,,,,,,,,
-béézh,BOIL,BOIL ,[],[YM-64],['-bēēzh'],I mom.: P. I. O conc.,,,bá hibēēzh they boil it for him/her,0,bá hibēēzh ,they boil it for him/her,[''],[''],[''], bá ibēēzh,
-béézh,BOIL,BOIL ,[],[YM-64],['-bēēzh'],I mom.: P. I. O conc.,,,,0,bá ibēēzh ,they boil it for him/her,[''],[''],[''], bá hibēēzh,
-bizh,BRAID,BRAID ,[],[YM-67],['-bizh'],"P, I, O conc.",,,,,,,,,,,
-ts’il,BREAK,BREAK ,[],[YM-636],['-ts’ił'],"P, I, R, O, F semel.",,,,,,,,,,,
-tł’ííd,BREAKWIND,BREAKWIND ,[],[YM-581],['-tł’īīd/g'],P. mom.,,,,,,,,,,,
-bee-,BREASTFEED,BREASTFEED ,[],[nYM; see noun -be’ ‘breast],"['-be’', '-be’']","I  mom., dur.",,,,,,,,,,,
-bee-,BREASTFEED,BREASTFEED ,[],[nYM; see noun -be’ ‘breast],"['-be’', '-be’']","I  mom., dur.",,,,0,ńyol ,there is wind,[''],[''],[''], ńch’iid,
-bee-,BREASTFEED,BREASTFEED ,[],[nYM; see noun -be’ ‘breast],"['-be’', '-be’']","I  mom., dur.",,,,0,ńyol ,there is wind,[''],[''],[''], ńch’iid ńch’iig,
-bee-,BREASTFEED,BREASTFEED ,[],[nYM; see noun -be’ ‘breast],"['-be’', '-be’']","I  mom., dur.",,,,0,ńyol ,there is wind,[''],[''],[''], ńch’iid ńch’iig nádich’íh,
-bee-,BREASTFEED,BREASTFEED ,[],[nYM; see noun -be’ ‘breast],"['-be’', '-be’']","I  mom., dur.",,,,0,ńyol ,there is wind,[''],[''],[''], ńch’iid ńch’iig nádich’íh yat’ēēgo bił deyol,
-bee-,BREASTFEED,BREASTFEED ,[],[nYM; see noun -be’ ‘breast],"['-be’', '-be’']","I  mom., dur.",,,,0,ńyoł ,there is wind,[''],[''],[''], ńch’iid,
-bee-,BREASTFEED,BREASTFEED ,[],[nYM; see noun -be’ ‘breast],"['-be’', '-be’']","I  mom., dur.",,,,0,ńyoł ,there is wind,[''],[''],[''], ńch’iid ńch’iig,
-bee-,BREASTFEED,BREASTFEED ,[],[nYM; see noun -be’ ‘breast],"['-be’', '-be’']","I  mom., dur.",,,,0,ńyoł ,there is wind,[''],[''],[''], ńch’iid ńch’iig ńyol,
-bee-,BREASTFEED,BREASTFEED ,[],[nYM; see noun -be’ ‘breast],"['-be’', '-be’']","I  mom., dur.",,,,0,óyol ,the wind stopped,[''],[''],[''], óch’iid,
-bee-,BREASTFEED,BREASTFEED ,[],[nYM; see noun -be’ ‘breast],"['-be’', '-be’']","I  mom., dur.",,,,0,óyol ,the wind stopped,[''],[''],[''], óch’iid óch’iig,
-bee-,BREASTFEED,BREASTFEED ,[],[nYM; see noun -be’ ‘breast],"['-be’', '-be’']","I  mom., dur.",,,,0,bił godiyoł ,it is shaken by the wind,[''],[''],[''], bił ńch’iig,
-bee-,BREASTFEED,BREASTFEED ,[],[nYM; see noun -be’ ‘breast],"['-be’', '-be’']","I  mom., dur.",,,,0,bił godiyoł ,it is shaken by the wind,[''],[''],[''], bił ńch’iig bił ńch’iid,
-ghozh//-ghaazh,BUBBLE,BUBBLE ,[],[YM-234],['-ghaazh'],P. mom.,,,,,,,,,,,
-ghozh//-ghaazh,BUBBLE,BUBBLE ,[],[YM-234],['-ghaazh'],P. mom.,,,,0,dilwosh ,s/he shouts/cries out,[''],[''],[''], nádilghaazh,
-ghozh//-ghaazh,BUBBLE,BUBBLE ,[],[YM-234],['-ghaazh'],P. mom.,,,,0,nádilghaazh ,s/he cried out,[''],[''],[''], dilwosh,
-ghol,BUMP,BUMP ,[],[YM-659],['-ghol'],I neut.,,,,,,,,,,,
-k’id,BUMP/BULGE,BUMP/BULGE ,[],[YM-349],['-k’id'],P neut.,,,,,,,,,,,
-k’id,BUMP/BULGE,BUMP/BULGE ,[],[YM-349],['-k’id'],P neut.,,,,0,isk’id ,it is bent/stooped,[''],[''],[''],, isk’ig
-k’id,BUMP/BULGE,BUMP/BULGE ,[],[YM-349],['-k’id'],P neut.,,,,0,isk’ig ,it isbent/stooped,[''],[''],[''],, isk’id
-lid/g,BURN,BURN ,[],[YM-370],['-lid/g'],"P, I, O dur.; P, I, mom.",,,,,,,,,,,
-lid/g,BURN,BURN ,[],[YM-370],['-lid/g'],"P, I, O dur.; P, I, mom.",,,,0,dadidlid ,it (3p) is burned,[''],['(3p)'],[''],, dadidlig
-lid/g,BURN,BURN ,[],[YM-370],['-lid/g'],"P, I, O dur.; P, I, mom.",,,,0,dadidlig ,it (3p) is burned,[''],['(3p)'],[''],, dadidlid
-lid/g,BURN,BURN ,[],[YM-370],['-lid/g'],"P, I, O dur.; P, I, mom.",,,,0,dilid ,it burns,[''],[''],[''],, dilig
-lid/g,BURN,BURN ,[],[YM-370],['-lid/g'],"P, I, O dur.; P, I, mom.",,,,0,dilig ,it burns,[''],[''],[''],, dilid
-lid/g,BURN,BURN ,[],[YM-370],['-lid/g'],"P, I, O dur.; P, I, mom.",,,,0,yidiłid ,s/he burns/brands it,[''],[''],[''],, yidiłig
-lid/g,BURN,BURN ,[],[YM-370],['-lid/g'],"P, I, O dur.; P, I, mom.",,,,0,yidiłig ,s/he burns/brands it,[''],[''],[''],, yidiłid
-lid/g,BURN,BURN ,[],[YM-370],['-lid/g'],"P, I, O dur.; P, I, mom.",,,,0,łíyidiłid ,s/he welds/solders it,[''],[''],[''],, łíyidiłig
-lid/g,BURN,BURN ,[],[YM-370],['-lid/g'],"P, I, O dur.; P, I, mom.",,,,0,łíyidiłig ,s/he welds/solders,[''],[''],[''],, łíyidiłid
-lid/g,BURN,BURN ,[],[YM-370],['-lid/g'],"P, I, O dur.; P, I, mom.",,,,0,yídadiłid ,they are branding it (as cattle),[''],['(as cattle)'],[''],, yídaadiłig
-lid/g,BURN,BURN ,[],[YM-370],['-lid/g'],"P, I, O dur.; P, I, mom.",,,,0,yídaadiłig ,they are branding it (as cattle),[''],['(as cattle)'],[''],, yídadiłid
-’a’,BUTCHER,BUTCHER ,[],[YM-8],['-’ah'],"P, I, R, O, F conc.",,,,,,,,,,,
-zéé//-zee-,CALL,CALL ,[],[YM-695],['-zēē('],I neut.,,,,,,,,,,,
-zéé//-zee-,CALL,CALL ,[],[YM-695],['-zēē('],I neut.,,,,0,golzēē ,it is named/called (a place),[''],['(a place)'],[''], holzēē,
-ṉáá//-ṉaa-,CAPTURE,CAPTURE ,[],[YM-405],['-nah/-dah'],P conc.,,,,,,,,,,,
-ṉáá//-ṉaa-,CAPTURE,CAPTURE ,[],[YM-405],['-nah/-dah'],P conc.,,,,0,isḏāā ,s/he is a captive,[''],[''],[''],, isṉāā
-ṉáá//-ṉaa-,CAPTURE,CAPTURE ,[],[YM-405],['-nah/-dah'],P conc.,,,,0,isṉāā ,s/he is a captive,[''],[''],[''],, isḏāā
-t’éézh,CHARCOAL/GRAZE,CHARCOAL ,[],[YM-545],['-t’ēēzh'],P conc.,,,,,,,,,,,
-mááz,CIRCLE2,CIRCLE ,[],[YM-396],['-māāz'],"P mom., cont., dur.",,,,,,,,,,,
-bą́ą́z,CIRCLE1/HOOP,CIRCLE/HOOP ,[],[YM-49],['-bāāz'],P mom.,,,,,,,,,,,
-bą́ą́z,CIRCLE1/HOOP,CIRCLE/HOOP ,[],[YM-49],['-bāāz'],P mom.,,,,0,dénasbąsé ,it is round,[''],[''],[''], dédijoolé,
-bą́ą́z,CIRCLE1/HOOP,CIRCLE/HOOP ,[],[YM-49],['-bāāz'],P mom.,,,,0,dénasbąsé ,it is round,[''],[''],[''], dédijoolé dibool,
-bą́ą́z,CIRCLE1/HOOP,CIRCLE/HOOP ,[],[YM-49],['-bāāz'],P mom.,,,,0,íłbąs ,drive (to one),[''],['(to one)'],[''],, ółbąs
-bą́ą́z,CIRCLE1/HOOP,CIRCLE/HOOP ,[],[YM-49],['-bāāz'],P mom.,,,,0,ółbąs ,drive (to one),[''],['(to one)'],[''],, íłbąs
-bą́ą́z,CIRCLE1/HOOP,CIRCLE/HOOP ,[],[YM-49],['-bāāz'],P mom.,,,shił ná’ińłbą̄ą̄z s/he brought me back (by vehicle),0,shił ná’ińłbą̄ą̄z ,s/he brought me back (by vehicle),[''],['(by vehicle)'],[''], bił násht’āāzh,
-gheel,COLOR:BLACK,COLOR/BLACK ,[],[YM-696],['-gheel'],"P cont., trans.",,,,,,,,,,,
-gheel,COLOR:BLACK,COLOR/BLACK ,[],[YM-696],['-gheel'],"P cont., trans.",,,,0,chagołheeł ,there is darkness,[''],[''],[''],, godiłhił
-gheel,COLOR:BLACK,COLOR/BLACK ,[],[YM-696],['-gheel'],"P cont., trans.",,,,0,godiłhił ,there is darkness,[''],[''],[''],, chagołheeł
-gheel,COLOR:BLACK,COLOR/BLACK ,[],[YM-696],['-gheel'],"P cont., trans.",,,,0,nahiyeeł ,s/he dreamed,[''],[''],[''], naiyeeł,
-gheel,COLOR:BLACK,COLOR/BLACK ,[],[YM-696],['-gheel'],"P cont., trans.",,,,0,naiyeeł ,it is a dream,[''],[''],[''], nahiyeeł,
-gheel,COLOR:BLACK,COLOR/BLACK ,[],[YM-696],['-gheel'],"P cont., trans.",,,,0,nasdzeel ,it is a dream,[''],[''],[''], nahiyeeł,
-gheel,COLOR:BLACK,COLOR/BLACK ,[],[YM-696],['-gheel'],"P cont., trans.",,,,0,nasdzeel ,it is a dream,[''],[''],[''], nahiyeeł naiyeeł,
-tł’izh//-tł’iizh,COLOR:BLUE,COLOR/BLUE ,[],[YM-583],['-tł’iizh'],"P trans., neut.?",,,,,,,,,,,
-tłizh//-tłiizh,COLOR:DARK1,COLOR/DARK 1,[],[YM-571],['-tłiizh'],P trans.; I rep.,,,,,,,,,,,
-zhįh//-zhį́į́,COLOR:DARK2,COLOR/DARK 2,[],[YM-782],['-zhīī'],"P, I? Trans.",,,,,,,,,,,
-báá,COLOR:GREY,COLOR/GREY ,[],[YM-41],['-ba’'],"P, I, R, F trans.",,,,,,,,,,,
-kizh,COLOR:INTERRUPT,COLOR/INTERRUPT ,[],[YM-329],['-kizh'],"P mom., trans.; I mom.?; I neut.",,,,,,,,,,,
-chíí(’)/-chóó(’),COLOR:RED,COLOR/RED ,[],[YM-89],['-chīī('],"I, P trans.; I neut.",,,,,,,,,,,
-chíí(’)/-chóó(’),COLOR:RED,COLOR/RED ,[],[YM-89],['-chīī('],"I, P trans.; I neut.",,,,0,łichīī ,it is red,[''],[''],[''],, łichōō’
-chíí(’)/-chóó(’),COLOR:RED,COLOR/RED ,[],[YM-89],['-chīī('],"I, P trans.; I neut.",,,,0,łichōō’ ,it is red,[''],[''],[''],, łichīī
-chíí(’)/-chóó(’),COLOR:RED,COLOR/RED ,[],[YM-89],['-chīī('],"I, P trans.; I neut.",,,yee dayiłchíh they paint it/dye it with that,0,yee dayiłchíh ,they paint it/dye it with that,[''],[''],[''], yee dayidleesh,
-gai//-gaa(’),COLOR:WHITE,COLOR/WHITE ,[],[YM-195],['-gai'],"P mom.; trans., neut; I, O trans.?; I neut.",,,,,,,,,,,
-gai//-gaa(’),COLOR:WHITE,COLOR/WHITE ,[],[YM-195],['-gai'],"P mom.; trans., neut; I, O trans.?; I neut.",,,,0,łigai ,it is wh,[''],[''],[''],, łigaiyi
-tsog/d//-tsoo(’),COLOR:YELLOW,COLOR/YELLOW ,[],[YM-611],['-tsod/g'],"P trans., neut.",,,,,,,,,,,
-tsog/d//-tsoo(’),COLOR:YELLOW,COLOR/YELLOW ,[],[YM-611],['-tsod/g'],"P trans., neut.",,,,0,dāā’iłtsog ,it was yellow (past),[''],['(past)'],[''], dáłitsog,
-tag/d,COUNT,COUNT ,[],[YM-472],['-tad/g'],"P, I, O rep.",,,,,,,,,,,
-tag/d,COUNT,COUNT ,[],[YM-472],['-tad/g'],"P, I, O rep.",,,,0,óltad ,s/he is in school,[''],[''],[''],, óltag
-tag/d,COUNT,COUNT ,[],[YM-472],['-tad/g'],"P, I, O rep.",,,,0,óltag ,s/he is in school,[''],[''],[''],, óltad
-tag/d,COUNT,COUNT ,[],[YM-472],['-tad/g'],"P, I, O rep.",,,,0,ółtad ,s/he is in school,[''],[''],[''],, ółtag
-tag/d,COUNT,COUNT ,[],[YM-472],['-tad/g'],"P, I, O rep.",,,,0,ółtag ,s/he is in school,[''],[''],[''],, ółtad
-tag/d,COUNT,COUNT ,[],[YM-472],['-tad/g'],"P, I, O rep.",,,,0,óshtad ,I am in school,[''],[''],[''],, óshtag
-tag/d,COUNT,COUNT ,[],[YM-472],['-tad/g'],"P, I, O rep.",,,,0,óshtag ,I am in school,[''],[''],[''],, óshtad
-chish,CRANKY,CRANKY ,[],[nYM],['-chish'],I mom.,,,,,,,,,,,
-chag/d,CRY,CRY ,[],[YM-70],['-chad/g'],"P mom.; P, I dur.",,,,,,,,,,,
-chag/d,CRY,CRY ,[],[YM-70],['-chad/g'],"P mom.; P, I dur.",,,,0,hichad ,s/he cries,[''],[''],[''],, hichag
-chag/d,CRY,CRY ,[],[YM-70],['-chad/g'],"P mom.; P, I dur.",,,,0,hichag ,s/he cries,[''],[''],[''],, hichad
-chag/d,CRY,CRY ,[],[YM-70],['-chad/g'],"P mom.; P, I dur.",,,,0,nchad ,you cry,[''],[''],[''],, nchag
-chag/d,CRY,CRY ,[],[YM-70],['-chad/g'],"P mom.; P, I dur.",,,,0,nchag ,you cry,[''],[''],[''],, nchad
-zhil//-zhiil,CRY/GASP,CRY/GASP ,[],[YM-774],['-zhil'],P mom.,,,,,,,,,,,
-tas,CURVE,CURVE ,[],"[YM-492, 492]",['-tas/-taaz'],P neut. ,,,,,,,,,,,
-k’ii//-k’ii-,CUT/CHOP1,CUT/CHOP 1,[],[YM-347],['-k’ii'],P mom.; I neut.,,,,,,,,,,,
-tséél,CUT/CHOP2,CUT/CHOP 2,[],[YM-604],['-tsēēl'],P mom.,,,,,,,,,,,
